Date,Close/Last,Date_numeric
2023-12-29,4769.83,3382
2023-12-28,4783.35,3381
2023-12-27,4781.58,3380
2023-12-26,4774.75,3379
2023-12-22,4754.63,3375
2023-12-21,4746.75,3374
2023-12-20,4698.35,3373
2023-12-19,4768.37,3372
2023-12-18,4740.56,3371
2023-12-15,4719.19,3368
2023-12-14,4719.55,3367
2023-12-13,4707.09,3366
2023-12-12,4643.7,3365
2023-12-11,4622.44,3364
2023-12-08,4604.37,3361
2023-12-07,4585.59,3360
2023-12-06,4549.34,3359
2023-12-05,4567.18,3358
2023-12-04,4569.78,3357
2023-12-01,4594.63,3354
2023-11-30,4567.8,3353
2023-11-29,4550.58,3352
2023-11-28,4554.89,3351
2023-11-27,4550.43,3350
2023-11-24,4559.34,3347
2023-11-22,4556.62,3345
2023-11-21,4538.19,3344
2023-11-20,4547.38,3343
2023-11-17,4514.02,3340
2023-11-16,4508.24,3339
2023-11-15,4502.88,3338
2023-11-14,4495.7,3337
2023-11-13,4411.55,3336
2023-11-10,4415.24,3333
2023-11-09,4347.35,3332
2023-11-08,4382.78,3331
2023-11-07,4378.38,3330
2023-11-06,4365.98,3329
2023-11-03,4358.34,3326
2023-11-02,4317.78,3325
2023-11-01,4237.86,3324
2023-10-31,4193.8,3323
2023-10-30,4166.82,3322
2023-10-27,4117.37,3319
2023-10-26,4137.23,3318
2023-10-25,4186.77,3317
2023-10-24,4247.68,3316
2023-10-23,4217.04,3315
2023-10-20,4224.16,3312
2023-10-19,4278.0,3311
2023-10-18,4314.6,3310
2023-10-17,4373.2,3309
2023-10-16,4373.63,3308
2023-10-13,4327.78,3305
2023-10-12,4349.61,3304
2023-10-11,4376.95,3303
2023-10-10,4358.24,3302
2023-10-09,4335.66,3301
2023-10-06,4308.5,3298
2023-10-05,4258.19,3297
2023-10-04,4263.75,3296
2023-10-03,4229.45,3295
2023-10-02,4288.39,3294
2023-09-29,4288.05,3291
2023-09-28,4299.7,3290
2023-09-27,4274.51,3289
2023-09-26,4273.53,3288
2023-09-25,4337.44,3287
2023-09-22,4320.06,3284
2023-09-21,4330.0,3283
2023-09-20,4402.2,3282
2023-09-19,4443.95,3281
2023-09-18,4453.53,3280
2023-09-15,4450.32,3277
2023-09-14,4505.1,3276
2023-09-13,4467.44,3275
2023-09-12,4461.9,3274
2023-09-11,4487.46,3273
2023-09-08,4457.49,3270
2023-09-07,4451.14,3269
2023-09-06,4465.48,3268
2023-09-05,4496.83,3267
2023-09-01,4515.77,3263
2023-08-31,4507.66,3262
2023-08-30,4514.87,3261
2023-08-29,4497.63,3260
2023-08-28,4433.31,3259
2023-08-25,4405.71,3256
2023-08-24,4376.31,3255
2023-08-23,4436.01,3254
2023-08-22,4387.55,3253
2023-08-21,4399.77,3252
2023-08-18,4369.71,3249
2023-08-17,4370.36,3248
2023-08-16,4404.33,3247
2023-08-15,4437.86,3246
2023-08-14,4489.72,3245
2023-08-11,4464.05,3242
2023-08-10,4468.83,3241
2023-08-09,4467.71,3240
2023-08-08,4499.38,3239
2023-08-07,4518.44,3238
2023-08-04,4478.03,3235
2023-08-03,4501.89,3234
2023-08-02,4513.39,3233
2023-08-01,4576.73,3232
2023-07-31,4588.96,3231
2023-07-28,4582.23,3228
2023-07-27,4537.41,3227
2023-07-26,4566.75,3226
2023-07-25,4567.46,3225
2023-07-24,4554.64,3224
2023-07-21,4536.34,3221
2023-07-20,4534.87,3220
2023-07-19,4565.72,3219
2023-07-18,4554.98,3218
2023-07-17,4522.79,3217
2023-07-14,4505.42,3214
2023-07-13,4510.04,3213
2023-07-12,4472.16,3212
2023-07-11,4439.26,3211
2023-07-10,4409.53,3210
2023-07-07,4398.95,3207
2023-07-06,4411.59,3206
2023-07-05,4446.82,3205
2023-07-03,4455.59,3203
2023-06-30,4450.38,3200
2023-06-29,4396.44,3199
2023-06-28,4376.86,3198
2023-06-27,4378.41,3197
2023-06-26,4328.82,3196
2023-06-23,4348.33,3193
2023-06-22,4381.89,3192
2023-06-21,4365.69,3191
2023-06-20,4388.71,3190
2023-06-16,4409.59,3186
2023-06-15,4425.84,3185
2023-06-14,4372.59,3184
2023-06-13,4369.01,3183
2023-06-12,4338.93,3182
2023-06-09,4298.86,3179
2023-06-08,4293.93,3178
2023-06-07,4267.52,3177
2023-06-06,4283.85,3176
2023-06-05,4273.79,3175
2023-06-02,4282.37,3172
2023-06-01,4221.02,3171
2023-05-31,4179.83,3170
2023-05-30,4205.52,3169
2023-05-26,4205.45,3165
2023-05-25,4151.28,3164
2023-05-24,4115.24,3163
2023-05-23,4145.58,3162
2023-05-22,4192.63,3161
2023-05-19,4191.98,3158
2023-05-18,4198.05,3157
2023-05-17,4158.77,3156
2023-05-16,4109.9,3155
2023-05-15,4136.28,3154
2023-05-12,4124.08,3151
2023-05-11,4130.62,3150
2023-05-10,4137.64,3149
2023-05-09,4119.17,3148
2023-05-08,4138.12,3147
2023-05-05,4136.25,3144
2023-05-04,4061.22,3143
2023-05-03,4090.75,3142
2023-05-02,4119.58,3141
2023-05-01,4167.87,3140
2023-04-28,4169.48,3137
2023-04-27,4135.35,3136
2023-04-26,4055.99,3135
2023-04-25,4071.63,3134
2023-04-24,4137.04,3133
2023-04-21,4133.52,3130
2023-04-20,4129.79,3129
2023-04-19,4154.52,3128
2023-04-18,4154.87,3127
2023-04-17,4151.32,3126
2023-04-14,4137.64,3123
2023-04-13,4146.22,3122
2023-04-12,4091.95,3121
2023-04-11,4108.94,3120
2023-04-10,4109.11,3119
2023-04-06,4105.02,3115
2023-04-05,4090.38,3114
2023-04-04,4100.6,3113
2023-04-03,4124.51,3112
2023-03-31,4109.31,3109
2023-03-30,4050.83,3108
2023-03-29,4027.81,3107
2023-03-28,3971.27,3106
2023-03-27,3977.53,3105
2023-03-24,3970.99,3102
2023-03-23,3948.72,3101
2023-03-22,3936.97,3100
2023-03-21,4002.87,3099
2023-03-20,3951.57,3098
2023-03-17,3916.64,3095
2023-03-16,3960.28,3094
2023-03-15,3891.93,3093
2023-03-14,3919.29,3092
2023-03-13,3855.76,3091
2023-03-10,3861.59,3088
2023-03-09,3918.32,3087
2023-03-08,3992.01,3086
2023-03-07,3986.37,3085
2023-03-06,4048.42,3084
2023-03-03,4045.64,3081
2023-03-02,3981.35,3080
2023-03-01,3951.39,3079
2023-02-28,3970.15,3078
2023-02-27,3982.24,3077
2023-02-24,3970.04,3074
2023-02-23,4012.32,3073
2023-02-22,3991.05,3072
2023-02-21,3997.34,3071
2023-02-17,4079.09,3067
2023-02-16,4090.41,3066
2023-02-15,4147.6,3065
2023-02-14,4136.13,3064
2023-02-13,4137.29,3063
2023-02-10,4090.46,3060
2023-02-09,4081.5,3059
2023-02-08,4117.86,3058
2023-02-07,4164.0,3057
2023-02-06,4111.08,3056
2023-02-03,4136.48,3053
2023-02-02,4179.76,3052
2023-02-01,4119.21,3051
2023-01-31,4076.6,3050
2023-01-30,4017.77,3049
2023-01-27,4070.56,3046
2023-01-26,4060.43,3045
2023-01-25,4016.22,3044
2023-01-24,4016.95,3043
2023-01-23,4019.81,3042
2023-01-20,3972.61,3039
2023-01-19,3898.85,3038
2023-01-18,3928.86,3037
2023-01-17,3990.97,3036
2023-01-13,3999.09,3032
2023-01-12,3983.17,3031
2023-01-11,3969.61,3030
2023-01-10,3919.25,3029
2023-01-09,3892.09,3028
2023-01-06,3895.08,3025
2023-01-05,3808.1,3024
2023-01-04,3852.97,3023
2023-01-03,3824.14,3022
2022-12-30,3839.5,3018
2022-12-29,3849.28,3017
2022-12-28,3783.22,3016
2022-12-27,3829.25,3015
2022-12-23,3844.82,3011
2022-12-22,3822.39,3010
2022-12-21,3878.44,3009
2022-12-20,3821.62,3008
2022-12-19,3817.66,3007
2022-12-16,3852.36,3004
2022-12-15,3895.75,3003
2022-12-14,3995.32,3002
2022-12-13,4019.65,3001
2022-12-12,3990.56,3000
2022-12-09,3934.38,2997
2022-12-08,3963.51,2996
2022-12-07,3933.92,2995
2022-12-06,3941.26,2994
2022-12-05,3998.84,2993
2022-12-02,4071.7,2990
2022-12-01,4076.57,2989
2022-11-30,4080.11,2988
2022-11-29,3957.63,2987
2022-11-28,3963.94,2986
2022-11-25,4026.12,2983
2022-11-23,4027.26,2981
2022-11-22,4003.58,2980
2022-11-21,3949.94,2979
2022-11-18,3965.34,2976
2022-11-17,3946.56,2975
2022-11-16,3958.79,2974
2022-11-15,3991.73,2973
2022-11-14,3957.25,2972
2022-11-11,3992.93,2969
2022-11-10,3956.37,2968
2022-11-09,3748.57,2967
2022-11-08,3828.11,2966
2022-11-07,3806.8,2965
2022-11-04,3770.55,2962
2022-11-03,3719.89,2961
2022-11-02,3759.69,2960
2022-11-01,3856.1,2959
2022-10-31,3871.98,2958
2022-10-28,3901.06,2955
2022-10-27,3807.3,2954
2022-10-26,3830.6,2953
2022-10-25,3859.11,2952
2022-10-24,3797.34,2951
2022-10-21,3752.75,2948
2022-10-20,3665.78,2947
2022-10-19,3695.16,2946
2022-10-18,3719.98,2945
2022-10-17,3677.95,2944
2022-10-14,3583.07,2941
2022-10-13,3669.91,2940
2022-10-12,3577.03,2939
2022-10-11,3588.84,2938
2022-10-10,3612.39,2937
2022-10-07,3639.66,2934
2022-10-06,3744.52,2933
2022-10-05,3783.28,2932
2022-10-04,3790.93,2931
2022-10-03,3678.43,2930
2022-09-30,3585.62,2927
2022-09-29,3640.47,2926
2022-09-28,3719.04,2925
2022-09-27,3647.29,2924
2022-09-26,3655.04,2923
2022-09-23,3693.23,2920
2022-09-22,3757.99,2919
2022-09-21,3789.93,2918
2022-09-20,3855.93,2917
2022-09-19,3899.89,2916
2022-09-16,3873.33,2913
2022-09-15,3901.35,2912
2022-09-14,3946.01,2911
2022-09-13,3932.69,2910
2022-09-12,4110.41,2909
2022-09-09,4067.36,2906
2022-09-08,4006.18,2905
2022-09-07,3979.87,2904
2022-09-06,3908.19,2903
2022-09-02,3924.26,2899
2022-09-01,3966.85,2898
2022-08-31,3955.0,2897
2022-08-30,3986.16,2896
2022-08-29,4030.61,2895
2022-08-26,4057.66,2892
2022-08-25,4199.12,2891
2022-08-24,4140.77,2890
2022-08-23,4128.73,2889
2022-08-22,4137.99,2888
2022-08-19,4228.48,2885
2022-08-18,4283.74,2884
2022-08-17,4274.04,2883
2022-08-16,4305.2,2882
2022-08-15,4297.14,2881
2022-08-12,4280.15,2878
2022-08-11,4207.27,2877
2022-08-10,4210.24,2876
2022-08-09,4122.47,2875
2022-08-08,4140.06,2874
2022-08-05,4145.19,2871
2022-08-04,4151.94,2870
2022-08-03,4155.17,2869
2022-08-02,4091.19,2868
2022-08-01,4118.63,2867
2022-07-29,4130.29,2864
2022-07-28,4072.43,2863
2022-07-27,4023.61,2862
2022-07-26,3921.05,2861
2022-07-25,3966.84,2860
2022-07-22,3961.63,2857
2022-07-21,3998.95,2856
2022-07-20,3959.9,2855
2022-07-19,3936.69,2854
2022-07-18,3830.85,2853
2022-07-15,3863.16,2850
2022-07-14,3790.38,2849
2022-07-13,3801.78,2848
2022-07-12,3818.8,2847
2022-07-11,3854.43,2846
2022-07-08,3899.38,2843
2022-07-07,3902.62,2842
2022-07-06,3845.08,2841
2022-07-05,3831.39,2840
2022-07-01,3825.33,2836
2022-06-30,3785.38,2835
2022-06-29,3818.83,2834
2022-06-28,3821.55,2833
2022-06-27,3900.11,2832
2022-06-24,3911.74,2829
2022-06-23,3795.73,2828
2022-06-22,3759.89,2827
2022-06-21,3764.79,2826
2022-06-17,3674.84,2822
2022-06-16,3666.77,2821
2022-06-15,3789.99,2820
2022-06-14,3735.48,2819
2022-06-13,3749.63,2818
2022-06-10,3900.86,2815
2022-06-09,4017.82,2814
2022-06-08,4115.77,2813
2022-06-07,4160.68,2812
2022-06-06,4121.43,2811
2022-06-03,4108.54,2808
2022-06-02,4176.82,2807
2022-06-01,4101.23,2806
2022-05-31,4132.15,2805
2022-05-27,4158.24,2801
2022-05-26,4057.84,2800
2022-05-25,3978.73,2799
2022-05-24,3941.48,2798
2022-05-23,3973.75,2797
2022-05-20,3901.36,2794
2022-05-19,3900.79,2793
2022-05-18,3923.68,2792
2022-05-17,4088.85,2791
2022-05-16,4008.01,2790
2022-05-13,4023.89,2787
2022-05-12,3930.08,2786
2022-05-11,3935.18,2785
2022-05-10,4001.05,2784
2022-05-09,3991.24,2783
2022-05-06,4123.34,2780
2022-05-05,4146.87,2779
2022-05-04,4300.17,2778
2022-05-03,4175.48,2777
2022-05-02,4155.38,2776
2022-04-29,4131.93,2773
2022-04-28,4287.5,2772
2022-04-27,4183.96,2771
2022-04-26,4175.2,2770
2022-04-25,4296.12,2769
2022-04-22,4271.78,2766
2022-04-21,4393.66,2765
2022-04-20,4459.45,2764
2022-04-19,4462.21,2763
2022-04-18,4391.69,2762
2022-04-14,4392.59,2758
2022-04-13,4446.59,2757
2022-04-12,4397.45,2756
2022-04-11,4412.53,2755
2022-04-08,4488.28,2752
2022-04-07,4500.21,2751
2022-04-06,4481.15,2750
2022-04-05,4525.12,2749
2022-04-04,4582.64,2748
2022-04-01,4545.86,2745
2022-03-31,4530.41,2744
2022-03-30,4602.45,2743
2022-03-29,4631.6,2742
2022-03-28,4575.52,2741
2022-03-25,4543.06,2738
2022-03-24,4520.16,2737
2022-03-23,4456.24,2736
2022-03-22,4511.61,2735
2022-03-21,4461.18,2734
2022-03-18,4463.12,2731
2022-03-17,4411.67,2730
2022-03-16,4357.86,2729
2022-03-15,4262.45,2728
2022-03-14,4173.11,2727
2022-03-11,4204.31,2724
2022-03-10,4259.52,2723
2022-03-09,4277.88,2722
2022-03-08,4170.7,2721
2022-03-07,4201.09,2720
2022-03-04,4328.87,2717
2022-03-03,4363.49,2716
2022-03-02,4386.54,2715
2022-03-01,4306.26,2714
2022-02-28,4373.94,2713
2022-02-25,4384.65,2710
2022-02-24,4288.7,2709
2022-02-23,4225.5,2708
2022-02-22,4304.76,2707
2022-02-18,4348.87,2703
2022-02-17,4380.26,2702
2022-02-16,4475.01,2701
2022-02-15,4471.07,2700
2022-02-14,4401.67,2699
2022-02-11,4418.64,2696
2022-02-10,4504.08,2695
2022-02-09,4587.18,2694
2022-02-08,4521.54,2693
2022-02-07,4483.87,2692
2022-02-04,4500.53,2689
2022-02-03,4477.44,2688
2022-02-02,4589.38,2687
2022-02-01,4546.54,2686
2022-01-31,4515.55,2685
2022-01-28,4431.85,2682
2022-01-27,4326.51,2681
2022-01-26,4349.93,2680
2022-01-25,4356.45,2679
2022-01-24,4410.13,2678
2022-01-21,4397.94,2675
2022-01-20,4482.73,2674
2022-01-19,4532.76,2673
2022-01-18,4577.11,2672
2022-01-14,4662.85,2668
2022-01-13,4659.03,2667
2022-01-12,4726.35,2666
2022-01-11,4713.07,2665
2022-01-10,4670.29,2664
2022-01-07,4677.03,2661
2022-01-06,4696.05,2660
2022-01-05,4700.58,2659
2022-01-04,4793.54,2658
2022-01-03,4796.56,2657
2021-12-31,4766.18,2654
2021-12-30,4778.73,2653
2021-12-29,4793.06,2652
2021-12-28,4786.35,2651
2021-12-27,4791.19,2650
2021-12-23,4725.79,2646
2021-12-22,4696.56,2645
2021-12-21,4649.23,2644
2021-12-20,4568.02,2643
2021-12-17,4620.64,2640
2021-12-16,4668.67,2639
2021-12-15,4709.85,2638
2021-12-14,4634.09,2637
2021-12-13,4668.97,2636
2021-12-10,4712.02,2633
2021-12-09,4667.45,2632
2021-12-08,4701.21,2631
2021-12-07,4686.75,2630
2021-12-06,4591.67,2629
2021-12-03,4538.43,2626
2021-12-02,4577.1,2625
2021-12-01,4513.04,2624
2021-11-30,4567.0,2623
2021-11-29,4655.27,2622
2021-11-26,4594.62,2619
2021-11-24,4701.46,2617
2021-11-23,4690.7,2616
2021-11-22,4682.94,2615
2021-11-19,4697.96,2612
2021-11-18,4704.54,2611
2021-11-17,4688.67,2610
2021-11-16,4700.9,2609
2021-11-15,4682.8,2608
2021-11-12,4682.85,2605
2021-11-11,4649.27,2604
2021-11-10,4646.71,2603
2021-11-09,4685.25,2602
2021-11-08,4701.7,2601
2021-11-05,4697.53,2598
2021-11-04,4680.06,2597
2021-11-03,4660.57,2596
2021-11-02,4630.65,2595
2021-11-01,4613.67,2594
2021-10-29,4605.38,2591
2021-10-28,4596.42,2590
2021-10-27,4551.68,2589
2021-10-26,4574.79,2588
2021-10-25,4566.48,2587
2021-10-22,4544.9,2584
2021-10-21,4549.78,2583
2021-10-20,4536.19,2582
2021-10-19,4519.63,2581
2021-10-18,4486.46,2580
2021-10-15,4471.37,2577
2021-10-14,4438.26,2576
2021-10-13,4363.8,2575
2021-10-12,4350.65,2574
2021-10-11,4361.19,2573
2021-10-08,4391.34,2570
2021-10-07,4399.76,2569
2021-10-06,4363.55,2568
2021-10-05,4345.72,2567
2021-10-04,4300.46,2566
2021-10-01,4357.04,2563
2021-09-30,4307.54,2562
2021-09-29,4359.46,2561
2021-09-28,4352.63,2560
2021-09-27,4443.11,2559
2021-09-24,4455.48,2556
2021-09-23,4448.98,2555
2021-09-22,4395.64,2554
2021-09-21,4354.19,2553
2021-09-20,4357.73,2552
2021-09-17,4432.99,2549
2021-09-16,4473.75,2548
2021-09-15,4480.7,2547
2021-09-14,4443.05,2546
2021-09-13,4468.73,2545
2021-09-10,4458.58,2542
2021-09-09,4493.28,2541
2021-09-08,4514.07,2540
2021-09-07,4520.03,2539
2021-09-03,4535.43,2535
2021-09-02,4536.95,2534
2021-09-01,4524.09,2533
2021-08-31,4522.68,2532
2021-08-30,4528.79,2531
2021-08-27,4509.37,2528
2021-08-26,4470.0,2527
2021-08-25,4496.19,2526
2021-08-24,4486.23,2525
2021-08-23,4479.53,2524
2021-08-20,4441.67,2521
2021-08-19,4405.8,2520
2021-08-18,4400.27,2519
2021-08-17,4448.08,2518
2021-08-16,4479.71,2517
2021-08-13,4468.0,2514
2021-08-12,4460.83,2513
2021-08-11,4447.7,2512
2021-08-10,4436.75,2511
2021-08-09,4432.35,2510
2021-08-06,4436.52,2507
2021-08-05,4429.1,2506
2021-08-04,4402.66,2505
2021-08-03,4423.15,2504
2021-08-02,4387.16,2503
2021-07-30,4395.26,2500
2021-07-29,4419.15,2499
2021-07-28,4400.64,2498
2021-07-27,4401.46,2497
2021-07-26,4422.3,2496
2021-07-23,4411.79,2493
2021-07-22,4367.48,2492
2021-07-21,4358.69,2491
2021-07-20,4323.06,2490
2021-07-19,4258.49,2489
2021-07-16,4327.16,2486
2021-07-15,4360.03,2485
2021-07-14,4374.3,2484
2021-07-13,4369.21,2483
2021-07-12,4384.63,2482
2021-07-09,4369.55,2479
2021-07-08,4320.82,2478
2021-07-07,4358.13,2477
2021-07-06,4343.54,2476
2021-07-02,4352.34,2472
2021-07-01,4319.94,2471
2021-06-30,4297.5,2470
2021-06-29,4291.8,2469
2021-06-28,4290.61,2468
2021-06-25,4280.7,2465
2021-06-24,4266.49,2464
2021-06-23,4241.84,2463
2021-06-22,4246.44,2462
2021-06-21,4224.79,2461
2021-06-18,4166.45,2458
2021-06-17,4221.86,2457
2021-06-16,4223.7,2456
2021-06-15,4246.59,2455
2021-06-14,4255.15,2454
2021-06-11,4247.44,2451
2021-06-10,4239.18,2450
2021-06-09,4219.55,2449
2021-06-08,4227.26,2448
2021-06-07,4226.52,2447
2021-06-04,4229.89,2444
2021-06-03,4192.85,2443
2021-06-02,4208.12,2442
2021-06-01,4202.04,2441
2021-05-28,4204.11,2437
2021-05-27,4200.88,2436
2021-05-26,4195.99,2435
2021-05-25,4188.13,2434
2021-05-24,4197.05,2433
2021-05-21,4155.86,2430
2021-05-20,4159.12,2429
2021-05-19,4115.68,2428
2021-05-18,4127.83,2427
2021-05-17,4163.29,2426
2021-05-14,4173.85,2423
2021-05-13,4112.5,2422
2021-05-12,4063.04,2421
2021-05-11,4152.1,2420
2021-05-10,4188.43,2419
2021-05-07,4232.6,2416
2021-05-06,4201.62,2415
2021-05-05,4167.59,2414
2021-05-04,4164.66,2413
2021-05-03,4192.66,2412
2021-04-30,4181.17,2409
2021-04-29,4211.47,2408
2021-04-28,4183.18,2407
2021-04-27,4186.72,2406
2021-04-26,4187.62,2405
2021-04-23,4180.17,2402
2021-04-22,4134.98,2401
2021-04-21,4173.42,2400
2021-04-20,4134.94,2399
2021-04-19,4163.26,2398
2021-04-16,4185.47,2395
2021-04-15,4170.42,2394
2021-04-14,4124.66,2393
2021-04-13,4141.59,2392
2021-04-12,4127.99,2391
2021-04-09,4128.8,2388
2021-04-08,4097.17,2387
2021-04-07,4079.95,2386
2021-04-06,4073.94,2385
2021-04-05,4077.91,2384
2021-04-01,4019.87,2380
2021-03-31,3972.89,2379
2021-03-30,3958.55,2378
2021-03-29,3971.09,2377
2021-03-26,3974.54,2374
2021-03-25,3909.52,2373
2021-03-24,3889.14,2372
2021-03-23,3910.52,2371
2021-03-22,3940.59,2370
2021-03-19,3913.1,2367
2021-03-18,3915.46,2366
2021-03-17,3974.12,2365
2021-03-16,3962.71,2364
2021-03-15,3968.94,2363
2021-03-12,3943.34,2360
2021-03-11,3939.34,2359
2021-03-10,3898.81,2358
2021-03-09,3875.44,2357
2021-03-08,3821.35,2356
2021-03-05,3841.94,2353
2021-03-04,3768.47,2352
2021-03-03,3819.72,2351
2021-03-02,3870.29,2350
2021-03-01,3901.82,2349
2021-02-26,3811.15,2346
2021-02-25,3829.34,2345
2021-02-24,3925.43,2344
2021-02-23,3881.37,2343
2021-02-22,3876.5,2342
2021-02-19,3906.71,2339
2021-02-18,3913.97,2338
2021-02-17,3931.33,2337
2021-02-16,3932.59,2336
2021-02-12,3934.83,2332
2021-02-11,3916.38,2331
2021-02-10,3909.88,2330
2021-02-09,3911.23,2329
2021-02-08,3915.59,2328
2021-02-05,3886.83,2325
2021-02-04,3871.74,2324
2021-02-03,3830.17,2323
2021-02-02,3826.31,2322
2021-02-01,3773.86,2321
2021-01-29,3714.24,2318
2021-01-28,3787.38,2317
2021-01-27,3750.77,2316
2021-01-26,3849.62,2315
2021-01-25,3855.36,2314
2021-01-22,3841.47,2311
2021-01-21,3853.07,2310
2021-01-20,3851.85,2309
2021-01-19,3798.91,2308
2021-01-15,3768.25,2304
2021-01-14,3795.54,2303
2021-01-13,3809.84,2302
2021-01-12,3801.19,2301
2021-01-11,3799.61,2300
2021-01-08,3824.68,2297
2021-01-07,3803.79,2296
2021-01-06,3748.14,2295
2021-01-05,3726.86,2294
2021-01-04,3700.65,2293
2020-12-31,3756.07,2289
2020-12-30,3732.04,2288
2020-12-29,3727.04,2287
2020-12-28,3735.36,2286
2020-12-24,3703.06,2282
2020-12-23,3690.01,2281
2020-12-22,3687.26,2280
2020-12-21,3694.92,2279
2020-12-18,3709.41,2276
2020-12-17,3722.48,2275
2020-12-16,3701.17,2274
2020-12-15,3694.62,2273
2020-12-14,3647.49,2272
2020-12-11,3663.46,2269
2020-12-10,3668.1,2268
2020-12-09,3672.82,2267
2020-12-08,3702.25,2266
2020-12-07,3691.96,2265
2020-12-04,3699.12,2262
2020-12-03,3666.72,2261
2020-12-02,3669.01,2260
2020-12-01,3662.45,2259
2020-11-30,3621.63,2258
2020-11-27,3638.35,2255
2020-11-25,3629.65,2253
2020-11-24,3635.41,2252
2020-11-23,3577.59,2251
2020-11-20,3557.54,2248
2020-11-19,3581.87,2247
2020-11-18,3567.79,2246
2020-11-17,3609.53,2245
2020-11-16,3626.91,2244
2020-11-13,3585.15,2241
2020-11-12,3537.01,2240
2020-11-11,3572.66,2239
2020-11-10,3545.53,2238
2020-11-09,3550.5,2237
2020-11-06,3509.44,2234
2020-11-05,3510.45,2233
2020-11-04,3443.44,2232
2020-11-03,3369.02,2231
2020-11-02,3310.24,2230
2020-10-30,3269.96,2227
2020-10-29,3310.11,2226
2020-10-28,3271.03,2225
2020-10-27,3390.68,2224
2020-10-26,3400.97,2223
2020-10-23,3465.39,2220
2020-10-22,3453.49,2219
2020-10-21,3435.56,2218
2020-10-20,3443.12,2217
2020-10-19,3426.92,2216
2020-10-16,3483.81,2213
2020-10-15,3483.34,2212
2020-10-14,3488.67,2211
2020-10-13,3511.93,2210
2020-10-12,3534.22,2209
2020-10-09,3477.13,2206
2020-10-08,3446.83,2205
2020-10-07,3419.45,2204
2020-10-06,3360.95,2203
2020-10-05,3408.63,2202
2020-10-02,3348.44,2199
2020-10-01,3380.8,2198
2020-09-30,3363.0,2197
2020-09-29,3335.47,2196
2020-09-28,3351.6,2195
2020-09-25,3298.46,2192
2020-09-24,3246.59,2191
2020-09-23,3236.92,2190
2020-09-22,3315.57,2189
2020-09-21,3281.06,2188
2020-09-18,3319.47,2185
2020-09-17,3357.01,2184
2020-09-16,3385.49,2183
2020-09-15,3401.2,2182
2020-09-14,3383.54,2181
2020-09-11,3340.97,2178
2020-09-10,3339.19,2177
2020-09-09,3398.96,2176
2020-09-08,3331.84,2175
2020-09-04,3426.96,2171
2020-09-03,3455.06,2170
2020-09-02,3580.84,2169
2020-09-01,3526.65,2168
2020-08-31,3500.31,2167
2020-08-28,3508.01,2164
2020-08-27,3484.55,2163
2020-08-26,3478.73,2162
2020-08-25,3443.62,2161
2020-08-24,3431.28,2160
2020-08-21,3397.16,2157
2020-08-20,3385.51,2156
2020-08-19,3374.85,2155
2020-08-18,3389.78,2154
2020-08-17,3381.99,2153
2020-08-14,3372.85,2150
2020-08-13,3373.43,2149
2020-08-12,3380.35,2148
2020-08-11,3333.69,2147
2020-08-10,3360.47,2146
2020-08-07,3351.28,2143
2020-08-06,3349.16,2142
2020-08-05,3327.77,2141
2020-08-04,3306.51,2140
2020-08-03,3294.61,2139
2020-07-31,3271.12,2136
2020-07-30,3246.22,2135
2020-07-29,3258.44,2134
2020-07-28,3218.44,2133
2020-07-27,3239.41,2132
2020-07-24,3215.63,2129
2020-07-23,3235.66,2128
2020-07-22,3276.02,2127
2020-07-21,3257.3,2126
2020-07-20,3251.84,2125
2020-07-17,3224.73,2122
2020-07-16,3215.57,2121
2020-07-15,3226.56,2120
2020-07-14,3197.52,2119
2020-07-13,3155.22,2118
2020-07-10,3185.04,2115
2020-07-09,3152.05,2114
2020-07-08,3169.94,2113
2020-07-07,3145.32,2112
2020-07-06,3179.72,2111
2020-07-02,3130.01,2107
2020-07-01,3115.86,2106
2020-06-30,3100.29,2105
2020-06-29,3053.24,2104
2020-06-26,3009.05,2101
2020-06-25,3083.76,2100
2020-06-24,3050.33,2099
2020-06-23,3131.29,2098
2020-06-22,3117.86,2097
2020-06-19,3097.74,2094
2020-06-18,3115.34,2093
2020-06-17,3113.49,2092
2020-06-16,3124.74,2091
2020-06-15,3066.59,2090
2020-06-12,3041.31,2087
2020-06-11,3002.1,2086
2020-06-10,3190.14,2085
2020-06-09,3207.18,2084
2020-06-08,3232.39,2083
2020-06-05,3193.93,2080
2020-06-04,3112.35,2079
2020-06-03,3122.87,2078
2020-06-02,3080.82,2077
2020-06-01,3055.73,2076
2020-05-29,3044.31,2073
2020-05-28,3029.73,2072
2020-05-27,3036.13,2071
2020-05-26,2991.77,2070
2020-05-22,2955.45,2066
2020-05-21,2948.51,2065
2020-05-20,2971.61,2064
2020-05-19,2922.94,2063
2020-05-18,2953.91,2062
2020-05-15,2863.7,2059
2020-05-14,2852.5,2058
2020-05-13,2820.0,2057
2020-05-12,2870.12,2056
2020-05-11,2930.32,2055
2020-05-08,2929.8,2052
2020-05-07,2881.19,2051
2020-05-06,2848.42,2050
2020-05-05,2868.44,2049
2020-05-04,2842.74,2048
2020-05-01,2830.71,2045
2020-04-30,2912.43,2044
2020-04-29,2939.51,2043
2020-04-28,2863.39,2042
2020-04-27,2878.48,2041
2020-04-24,2836.74,2038
2020-04-23,2797.8,2037
2020-04-22,2799.31,2036
2020-04-21,2736.56,2035
2020-04-20,2823.16,2034
2020-04-17,2874.56,2031
2020-04-16,2799.55,2030
2020-04-15,2783.36,2029
2020-04-14,2846.06,2028
2020-04-13,2761.63,2027
2020-04-09,2789.82,2023
2020-04-08,2749.98,2022
2020-04-07,2659.41,2021
2020-04-06,2663.68,2020
2020-04-03,2488.65,2017
2020-04-02,2526.9,2016
2020-04-01,2470.5,2015
2020-03-31,2584.59,2014
2020-03-30,2626.65,2013
2020-03-27,2541.47,2010
2020-03-26,2630.07,2009
2020-03-25,2475.56,2008
2020-03-24,2447.33,2007
2020-03-23,2237.4,2006
2020-03-20,2304.92,2003
2020-03-19,2409.39,2002
2020-03-18,2398.1,2001
2020-03-17,2529.19,2000
2020-03-16,2386.13,1999
2020-03-13,2711.02,1996
2020-03-12,2480.64,1995
2020-03-11,2741.38,1994
2020-03-10,2882.23,1993
2020-03-09,2746.56,1992
2020-03-06,2972.37,1989
2020-03-05,3023.94,1988
2020-03-04,3130.12,1987
2020-03-03,3003.37,1986
2020-03-02,3090.23,1985
2020-02-28,2954.22,1982
2020-02-27,2978.76,1981
2020-02-26,3116.39,1980
2020-02-25,3128.21,1979
2020-02-24,3225.89,1978
2020-02-21,3337.75,1975
2020-02-20,3373.23,1974
2020-02-19,3386.15,1973
2020-02-18,3370.29,1972
2020-02-14,3380.16,1968
2020-02-13,3373.94,1967
2020-02-12,3379.45,1966
2020-02-11,3357.75,1965
2020-02-10,3352.09,1964
2020-02-07,3327.71,1961
2020-02-06,3345.78,1960
2020-02-05,3334.69,1959
2020-02-04,3297.59,1958
2020-02-03,3248.92,1957
2020-01-31,3225.52,1954
2020-01-30,3283.66,1953
2020-01-29,3273.4,1952
2020-01-28,3276.24,1951
2020-01-27,3243.63,1950
2020-01-24,3295.47,1947
2020-01-23,3325.54,1946
2020-01-22,3321.75,1945
2020-01-21,3320.79,1944
2020-01-17,3329.62,1940
2020-01-16,3316.81,1939
2020-01-15,3289.29,1938
2020-01-14,3283.15,1937
2020-01-13,3288.13,1936
2020-01-10,3265.35,1933
2020-01-09,3274.7,1932
2020-01-08,3253.05,1931
2020-01-07,3237.18,1930
2020-01-06,3246.28,1929
2020-01-03,3234.85,1926
2020-01-02,3257.85,1925
2019-12-31,3230.78,1923
2019-12-30,3221.29,1922
2019-12-27,3240.02,1919
2019-12-26,3239.91,1918
2019-12-24,3223.38,1916
2019-12-23,3224.01,1915
2019-12-20,3221.22,1912
2019-12-19,3205.37,1911
2019-12-18,3191.14,1910
2019-12-17,3192.52,1909
2019-12-16,3191.45,1908
2019-12-13,3168.8,1905
2019-12-12,3168.57,1904
2019-12-11,3141.63,1903
2019-12-10,3132.52,1902
2019-12-09,3135.96,1901
2019-12-06,3145.91,1898
2019-12-05,3117.43,1897
2019-12-04,3112.76,1896
2019-12-03,3093.2,1895
2019-12-02,3113.87,1894
2019-11-29,3140.98,1891
2019-11-27,3153.63,1889
2019-11-26,3140.52,1888
2019-11-25,3133.64,1887
2019-11-22,3110.29,1884
2019-11-21,3103.54,1883
2019-11-20,3108.46,1882
2019-11-19,3120.18,1881
2019-11-18,3122.03,1880
2019-11-15,3120.46,1877
2019-11-14,3096.63,1876
2019-11-13,3094.04,1875
2019-11-12,3091.84,1874
2019-11-11,3087.01,1873
2019-11-08,3093.08,1870
2019-11-07,3085.18,1869
2019-11-06,3076.78,1868
2019-11-05,3074.62,1867
2019-11-04,3078.27,1866
2019-11-01,3066.91,1863
2019-10-31,3037.56,1862
2019-10-30,3046.77,1861
2019-10-29,3036.89,1860
2019-10-28,3039.42,1859
2019-10-25,3022.55,1856
2019-10-24,3010.29,1855
2019-10-23,3004.52,1854
2019-10-22,2995.99,1853
2019-10-21,3006.72,1852
2019-10-18,2986.2,1849
2019-10-17,2997.95,1848
2019-10-16,2989.69,1847
2019-10-15,2995.68,1846
2019-10-14,2966.15,1845
2019-10-11,2970.27,1842
2019-10-10,2938.13,1841
2019-10-09,2919.4,1840
2019-10-08,2893.06,1839
2019-10-07,2938.79,1838
2019-10-04,2952.01,1835
2019-10-03,2910.63,1834
2019-10-02,2887.61,1833
2019-10-01,2940.25,1832
2019-09-30,2976.74,1831
2019-09-27,2961.79,1828
2019-09-26,2977.62,1827
2019-09-25,2984.87,1826
2019-09-24,2966.6,1825
2019-09-23,2991.78,1824
2019-09-20,2992.07,1821
2019-09-19,3006.79,1820
2019-09-18,3006.73,1819
2019-09-17,3005.7,1818
2019-09-16,2997.96,1817
2019-09-13,3007.39,1814
2019-09-12,3009.57,1813
2019-09-11,3000.93,1812
2019-09-10,2979.39,1811
2019-09-09,2978.43,1810
2019-09-06,2978.71,1807
2019-09-05,2976.0,1806
2019-09-04,2937.78,1805
2019-09-03,2906.27,1804
2019-08-30,2926.46,1800
2019-08-29,2924.58,1799
2019-08-28,2887.94,1798
2019-08-27,2869.16,1797
2019-08-26,2878.38,1796
2019-08-23,2847.11,1793
2019-08-22,2922.95,1792
2019-08-21,2924.43,1791
2019-08-20,2900.51,1790
2019-08-19,2923.65,1789
2019-08-16,2888.68,1786
2019-08-15,2847.6,1785
2019-08-14,2840.6,1784
2019-08-13,2926.32,1783
2019-08-12,2883.09,1782
2019-08-09,2918.65,1779
2019-08-08,2938.09,1778
2019-08-07,2883.98,1777
2019-08-06,2881.77,1776
2019-08-05,2844.74,1775
2019-08-02,2932.05,1772
2019-08-01,2953.56,1771
2019-07-31,2980.38,1770
2019-07-30,3013.18,1769
2019-07-29,3020.97,1768
2019-07-26,3025.86,1765
2019-07-25,3003.67,1764
2019-07-24,3019.56,1763
2019-07-23,3005.47,1762
2019-07-22,2985.03,1761
2019-07-19,2976.61,1758
2019-07-18,2995.11,1757
2019-07-17,2984.42,1756
2019-07-16,3004.04,1755
2019-07-15,3014.3,1754
2019-07-12,3013.77,1751
2019-07-11,2999.91,1750
2019-07-10,2993.07,1749
2019-07-09,2979.63,1748
2019-07-08,2975.95,1747
2019-07-05,2990.41,1744
2019-07-03,2995.82,1742
2019-07-02,2973.01,1741
2019-07-01,2964.33,1740
2019-06-28,2941.76,1737
2019-06-27,2924.92,1736
2019-06-26,2913.78,1735
2019-06-25,2917.38,1734
2019-06-24,2945.35,1733
2019-06-21,2950.46,1730
2019-06-20,2954.18,1729
2019-06-19,2926.46,1728
2019-06-18,2917.75,1727
2019-06-17,2889.67,1726
2019-06-14,2886.98,1723
2019-06-13,2891.64,1722
2019-06-12,2879.84,1721
2019-06-11,2885.72,1720
2019-06-10,2886.73,1719
2019-06-07,2873.34,1716
2019-06-06,2843.49,1715
2019-06-05,2826.15,1714
2019-06-04,2803.27,1713
2019-06-03,2744.45,1712
2019-05-31,2752.06,1709
2019-05-30,2788.86,1708
2019-05-29,2783.02,1707
2019-05-28,2802.39,1706
2019-05-24,2826.06,1702
2019-05-23,2822.24,1701
2019-05-22,2856.27,1700
2019-05-21,2864.36,1699
2019-05-20,2840.23,1698
2019-05-17,2859.53,1695
2019-05-16,2876.32,1694
2019-05-15,2850.96,1693
2019-05-14,2834.41,1692
2019-05-13,2811.87,1691
2019-05-10,2881.4,1688
2019-05-09,2870.72,1687
2019-05-08,2879.42,1686
2019-05-07,2884.05,1685
2019-05-06,2932.47,1684
2019-05-03,2945.64,1681
2019-05-02,2917.52,1680
2019-05-01,2923.73,1679
2019-04-30,2945.83,1678
2019-04-29,2943.03,1677
2019-04-26,2939.88,1674
2019-04-25,2926.17,1673
2019-04-24,2927.25,1672
2019-04-23,2933.68,1671
2019-04-22,2907.97,1670
2019-04-18,2905.03,1666
2019-04-17,2900.45,1665
2019-04-16,2907.06,1664
2019-04-15,2905.58,1663
2019-04-12,2907.41,1660
2019-04-11,2888.32,1659
2019-04-10,2888.21,1658
2019-04-09,2878.2,1657
2019-04-08,2895.77,1656
2019-04-05,2892.74,1653
2019-04-04,2879.39,1652
2019-04-03,2873.4,1651
2019-04-02,2867.24,1650
2019-04-01,2867.19,1649
2019-03-29,2834.4,1646
2019-03-28,2815.44,1645
2019-03-27,2805.37,1644
2019-03-26,2818.46,1643
2019-03-25,2798.36,1642
2019-03-22,2800.71,1639
2019-03-21,2854.88,1638
2019-03-20,2824.23,1637
2019-03-19,2832.57,1636
2019-03-18,2832.94,1635
2019-03-15,2822.48,1632
2019-03-14,2808.48,1631
2019-03-13,2810.92,1630
2019-03-12,2791.52,1629
2019-03-11,2783.3,1628
2019-03-08,2743.07,1625
2019-03-07,2748.93,1624
2019-03-06,2771.45,1623
2019-03-05,2789.65,1622
2019-03-04,2792.81,1621
2019-03-01,2803.69,1618
2019-02-28,2784.49,1617
2019-02-27,2792.38,1616
2019-02-26,2793.9,1615
2019-02-25,2796.11,1614
2019-02-22,2792.67,1611
2019-02-21,2774.88,1610
2019-02-20,2784.7,1609
2019-02-19,2779.76,1608
2019-02-15,2775.6,1604
2019-02-14,2745.73,1603
2019-02-13,2753.03,1602
2019-02-12,2744.73,1601
2019-02-11,2709.8,1600
2019-02-08,2707.88,1597
2019-02-07,2706.05,1596
2019-02-06,2731.61,1595
2019-02-05,2737.7,1594
2019-02-04,2724.87,1593
2019-02-01,2706.53,1590
2019-01-31,2704.1,1589
2019-01-30,2681.05,1588
2019-01-29,2640.0,1587
2019-01-28,2643.85,1586
2019-01-25,2664.76,1583
2019-01-24,2642.33,1582
2019-01-23,2638.7,1581
2019-01-22,2632.9,1580
2019-01-18,2670.71,1576
2019-01-17,2635.96,1575
2019-01-16,2616.1,1574
2019-01-15,2610.3,1573
2019-01-14,2582.61,1572
2019-01-11,2596.26,1569
2019-01-10,2596.64,1568
2019-01-09,2584.96,1567
2019-01-08,2574.41,1566
2019-01-07,2549.69,1565
2019-01-04,2531.94,1562
2019-01-03,2447.89,1561
2019-01-02,2510.03,1560
2018-12-31,2506.85,1558
2018-12-28,2485.74,1555
2018-12-27,2488.83,1554
2018-12-26,2467.7,1553
2018-12-24,2351.1,1551
2018-12-21,2416.62,1548
2018-12-20,2467.42,1547
2018-12-19,2506.96,1546
2018-12-18,2546.16,1545
2018-12-17,2545.94,1544
2018-12-14,2599.95,1541
2018-12-13,2650.54,1540
2018-12-12,2651.07,1539
2018-12-11,2636.78,1538
2018-12-10,2637.72,1537
2018-12-07,2633.08,1534
2018-12-06,2695.95,1533
2018-12-04,2700.06,1531
2018-12-03,2790.37,1530
2018-11-30,2760.17,1527
2018-11-29,2737.76,1526
2018-11-28,2743.79,1525
2018-11-27,2682.17,1524
2018-11-26,2673.45,1523
2018-11-23,2632.56,1520
2018-11-21,2649.93,1518
2018-11-20,2641.89,1517
2018-11-19,2690.73,1516
2018-11-16,2736.27,1513
2018-11-15,2730.2,1512
2018-11-14,2701.58,1511
2018-11-13,2722.18,1510
2018-11-12,2726.22,1509
2018-11-09,2781.01,1506
2018-11-08,2806.83,1505
2018-11-07,2813.89,1504
2018-11-06,2755.45,1503
2018-11-05,2738.31,1502
2018-11-02,2723.06,1499
2018-11-01,2740.37,1498
2018-10-31,2711.74,1497
2018-10-30,2682.63,1496
2018-10-29,2641.25,1495
2018-10-26,2658.69,1492
2018-10-25,2705.57,1491
2018-10-24,2656.1,1490
2018-10-23,2740.69,1489
2018-10-22,2755.88,1488
2018-10-19,2767.78,1485
2018-10-18,2768.78,1484
2018-10-17,2809.21,1483
2018-10-16,2809.92,1482
2018-10-15,2750.79,1481
2018-10-12,2767.13,1478
2018-10-11,2728.37,1477
2018-10-10,2785.68,1476
2018-10-09,2880.34,1475
2018-10-08,2884.43,1474
2018-10-05,2885.57,1471
2018-10-04,2901.61,1470
2018-10-03,2925.51,1469
2018-10-02,2923.43,1468
2018-10-01,2924.59,1467
2018-09-28,2913.98,1464
2018-09-27,2914.0,1463
2018-09-26,2905.97,1462
2018-09-25,2915.56,1461
2018-09-24,2919.37,1460
2018-09-21,2929.67,1457
2018-09-20,2930.75,1456
2018-09-19,2907.95,1455
2018-09-18,2904.31,1454
2018-09-17,2888.8,1453
2018-09-14,2904.98,1450
2018-09-13,2904.18,1449
2018-09-12,2888.92,1448
2018-09-11,2887.89,1447
2018-09-10,2877.13,1446
2018-09-07,2871.68,1443
2018-09-06,2878.05,1442
2018-09-05,2888.6,1441
2018-09-04,2896.72,1440
2018-08-31,2901.52,1436
2018-08-30,2901.13,1435
2018-08-29,2914.04,1434
2018-08-28,2897.52,1433
2018-08-27,2896.74,1432
2018-08-24,2874.69,1429
2018-08-23,2856.98,1428
2018-08-22,2861.82,1427
2018-08-21,2862.96,1426
2018-08-20,2857.05,1425
2018-08-17,2850.13,1422
2018-08-16,2840.69,1421
2018-08-15,2818.37,1420
2018-08-14,2839.96,1419
2018-08-13,2821.93,1418
2018-08-10,2833.28,1415
2018-08-09,2853.58,1414
2018-08-08,2857.7,1413
2018-08-07,2858.45,1412
2018-08-06,2850.4,1411
2018-08-03,2840.35,1408
2018-08-02,2827.22,1407
2018-08-01,2813.36,1406
2018-07-31,2816.29,1405
2018-07-30,2802.6,1404
2018-07-27,2818.82,1401
2018-07-26,2837.44,1400
2018-07-25,2846.07,1399
2018-07-24,2820.4,1398
2018-07-23,2806.98,1397
2018-07-20,2801.83,1394
2018-07-19,2804.49,1393
2018-07-18,2815.62,1392
2018-07-17,2809.55,1391
2018-07-16,2798.43,1390
2018-07-13,2801.31,1387
2018-07-12,2798.29,1386
2018-07-11,2774.02,1385
2018-07-10,2793.84,1384
2018-07-09,2784.17,1383
2018-07-06,2759.82,1380
2018-07-05,2736.61,1379
2018-07-03,2713.22,1377
2018-07-02,2726.71,1376
2018-06-29,2718.37,1373
2018-06-28,2716.31,1372
2018-06-27,2699.63,1371
2018-06-26,2723.06,1370
2018-06-25,2717.07,1369
2018-06-22,2754.88,1366
2018-06-21,2749.76,1365
2018-06-20,2767.32,1364
2018-06-19,2762.59,1363
2018-06-18,2773.75,1362
2018-06-15,2779.66,1359
2018-06-14,2782.49,1358
2018-06-13,2775.63,1357
2018-06-12,2786.85,1356
2018-06-11,2782.0,1355
2018-06-08,2779.03,1352
2018-06-07,2770.37,1351
2018-06-06,2772.35,1350
2018-06-05,2748.8,1349
2018-06-04,2746.87,1348
2018-06-01,2734.62,1345
2018-05-31,2705.27,1344
2018-05-30,2724.01,1343
2018-05-29,2689.86,1342
2018-05-25,2721.33,1338
2018-05-24,2727.76,1337
2018-05-23,2733.29,1336
2018-05-22,2724.44,1335
2018-05-21,2733.01,1334
2018-05-18,2712.97,1331
2018-05-17,2720.13,1330
2018-05-16,2722.46,1329
2018-05-15,2711.45,1328
2018-05-14,2730.13,1327
2018-05-11,2727.72,1324
2018-05-10,2723.07,1323
2018-05-09,2697.79,1322
2018-05-08,2671.92,1321
2018-05-07,2672.63,1320
2018-05-04,2663.42,1317
2018-05-03,2629.73,1316
2018-05-02,2635.67,1315
2018-05-01,2654.8,1314
2018-04-30,2648.05,1313
2018-04-27,2669.91,1310
2018-04-26,2666.94,1309
2018-04-25,2639.4,1308
2018-04-24,2634.56,1307
2018-04-23,2670.29,1306
2018-04-20,2670.14,1303
2018-04-19,2693.13,1302
2018-04-18,2708.64,1301
2018-04-17,2706.39,1300
2018-04-16,2677.84,1299
2018-04-13,2656.3,1296
2018-04-12,2663.99,1295
2018-04-11,2642.19,1294
2018-04-10,2656.87,1293
2018-04-09,2613.16,1292
2018-04-06,2604.47,1289
2018-04-05,2662.84,1288
2018-04-04,2644.69,1287
2018-04-03,2614.45,1286
2018-04-02,2581.88,1285
2018-03-29,2640.87,1281
2018-03-28,2605.0,1280
2018-03-27,2612.62,1279
2018-03-26,2658.55,1278
2018-03-23,2588.26,1275
2018-03-22,2643.69,1274
2018-03-21,2711.93,1273
2018-03-20,2716.94,1272
2018-03-19,2712.92,1271
2018-03-16,2752.01,1268
2018-03-15,2747.33,1267
2018-03-14,2749.48,1266
2018-03-13,2765.31,1265
2018-03-12,2783.02,1264
2018-03-09,2786.57,1261
2018-03-08,2738.97,1260
2018-03-07,2726.8,1259
2018-03-06,2728.12,1258
2018-03-05,2720.94,1257
2018-03-02,2691.25,1254
2018-03-01,2677.67,1253
2018-02-28,2713.83,1252
2018-02-27,2744.28,1251
2018-02-26,2779.6,1250
2018-02-23,2747.3,1247
2018-02-22,2703.96,1246
2018-02-21,2701.33,1245
2018-02-20,2716.26,1244
2018-02-16,2732.22,1240
2018-02-15,2731.2,1239
2018-02-14,2698.63,1238
2018-02-13,2662.94,1237
2018-02-12,2656.0,1236
2018-02-09,2619.55,1233
2018-02-08,2581.0,1232
2018-02-07,2681.66,1231
2018-02-06,2695.14,1230
2018-02-05,2648.94,1229
2018-02-02,2762.13,1226
2018-02-01,2821.98,1225
2018-01-31,2823.81,1224
2018-01-30,2822.43,1223
2018-01-29,2853.53,1222
2018-01-26,2872.87,1219
2018-01-25,2839.25,1218
2018-01-24,2837.54,1217
2018-01-23,2839.13,1216
2018-01-22,2832.97,1215
2018-01-19,2810.3,1212
2018-01-18,2798.03,1211
2018-01-17,2802.56,1210
2018-01-16,2776.42,1209
2018-01-12,2786.24,1205
2018-01-11,2767.56,1204
2018-01-10,2748.23,1203
2018-01-09,2751.29,1202
2018-01-08,2747.71,1201
2018-01-05,2743.15,1198
2018-01-04,2723.99,1197
2018-01-03,2713.06,1196
2018-01-02,2695.81,1195
2017-12-29,2673.61,1191
2017-12-28,2687.54,1190
2017-12-27,2682.62,1189
2017-12-26,2680.5,1188
2017-12-22,2683.34,1184
2017-12-21,2684.57,1183
2017-12-20,2679.25,1182
2017-12-19,2681.47,1181
2017-12-18,2690.16,1180
2017-12-15,2675.81,1177
2017-12-14,2652.01,1176
2017-12-13,2662.85,1175
2017-12-12,2664.11,1174
2017-12-11,2659.99,1173
2017-12-08,2651.5,1170
2017-12-07,2636.98,1169
2017-12-06,2629.27,1168
2017-12-05,2629.57,1167
2017-12-04,2639.44,1166
2017-12-01,2642.22,1163
2017-11-30,2647.58,1162
2017-11-29,2626.07,1161
2017-11-28,2627.04,1160
2017-11-27,2601.42,1159
2017-11-24,2602.42,1156
2017-11-22,2597.08,1154
2017-11-21,2599.03,1153
2017-11-20,2582.14,1152
2017-11-17,2578.85,1149
2017-11-16,2585.64,1148
2017-11-15,2564.62,1147
2017-11-14,2578.87,1146
2017-11-13,2584.84,1145
2017-11-10,2582.3,1142
2017-11-09,2584.62,1141
2017-11-08,2594.38,1140
2017-11-07,2590.64,1139
2017-11-06,2591.13,1138
2017-11-03,2587.84,1135
2017-11-02,2579.85,1134
2017-11-01,2579.36,1133
2017-10-31,2575.26,1132
2017-10-30,2572.83,1131
2017-10-27,2581.07,1128
2017-10-26,2560.4,1127
2017-10-25,2557.15,1126
2017-10-24,2569.13,1125
2017-10-23,2564.98,1124
2017-10-20,2575.21,1121
2017-10-19,2562.1,1120
2017-10-18,2561.26,1119
2017-10-17,2559.36,1118
2017-10-16,2557.64,1117
2017-10-13,2553.17,1114
2017-10-12,2550.93,1113
2017-10-11,2555.24,1112
2017-10-10,2550.64,1111
2017-10-09,2544.73,1110
2017-10-06,2549.33,1107
2017-10-05,2552.07,1106
2017-10-04,2537.74,1105
2017-10-03,2534.58,1104
2017-10-02,2529.12,1103
2017-09-29,2519.36,1100
2017-09-28,2510.06,1099
2017-09-27,2507.04,1098
2017-09-26,2496.84,1097
2017-09-25,2496.66,1096
2017-09-22,2502.22,1093
2017-09-21,2500.6,1092
2017-09-20,2508.24,1091
2017-09-19,2506.65,1090
2017-09-18,2503.87,1089
2017-09-15,2500.23,1086
2017-09-14,2495.62,1085
2017-09-13,2498.37,1084
2017-09-12,2496.48,1083
2017-09-11,2488.11,1082
2017-09-08,2461.43,1079
2017-09-07,2465.1,1078
2017-09-06,2465.54,1077
2017-09-05,2457.85,1076
2017-09-01,2476.55,1072
2017-08-31,2471.65,1071
2017-08-30,2457.59,1070
2017-08-29,2446.3,1069
2017-08-28,2444.24,1068
2017-08-25,2443.05,1065
2017-08-24,2438.97,1064
2017-08-23,2444.04,1063
2017-08-22,2452.51,1062
2017-08-21,2428.37,1061
2017-08-18,2425.55,1058
2017-08-17,2430.01,1057
2017-08-16,2468.11,1056
2017-08-15,2464.61,1055
2017-08-14,2465.84,1054
2017-08-11,2441.32,1051
2017-08-10,2438.21,1050
2017-08-09,2474.02,1049
2017-08-08,2474.92,1048
2017-08-07,2480.91,1047
2017-08-04,2476.83,1044
2017-08-03,2472.16,1043
2017-08-02,2477.57,1042
2017-08-01,2476.35,1041
2017-07-31,2470.3,1040
2017-07-28,2472.1,1037
2017-07-27,2475.42,1036
2017-07-26,2477.83,1035
2017-07-25,2477.13,1034
2017-07-24,2469.91,1033
2017-07-21,2472.54,1030
2017-07-20,2473.45,1029
2017-07-19,2473.83,1028
2017-07-18,2460.61,1027
2017-07-17,2459.14,1026
2017-07-14,2459.27,1023
2017-07-13,2447.83,1022
2017-07-12,2443.25,1021
2017-07-11,2425.53,1020
2017-07-10,2427.43,1019
2017-07-07,2425.18,1016
2017-07-06,2409.75,1015
2017-07-05,2432.54,1014
2017-07-03,2429.01,1012
2017-06-30,2423.41,1009
2017-06-29,2419.7,1008
2017-06-28,2440.69,1007
2017-06-27,2419.38,1006
2017-06-26,2439.07,1005
2017-06-23,2438.3,1002
2017-06-22,2434.5,1001
2017-06-21,2435.61,1000
2017-06-20,2437.03,999
2017-06-19,2453.46,998
2017-06-16,2433.15,995
2017-06-15,2432.46,994
2017-06-14,2437.92,993
2017-06-13,2440.35,992
2017-06-12,2429.39,991
2017-06-09,2431.77,988
2017-06-08,2433.79,987
2017-06-07,2433.14,986
2017-06-06,2429.33,985
2017-06-05,2436.1,984
2017-06-02,2439.07,981
2017-06-01,2430.06,980
2017-05-31,2411.8,979
2017-05-30,2412.91,978
2017-05-26,2415.82,974
2017-05-25,2415.07,973
2017-05-24,2404.39,972
2017-05-23,2398.42,971
2017-05-22,2394.02,970
2017-05-19,2381.73,967
2017-05-18,2365.72,966
2017-05-17,2357.03,965
2017-05-16,2400.67,964
2017-05-15,2402.32,963
2017-05-12,2390.9,960
2017-05-11,2394.44,959
2017-05-10,2399.63,958
2017-05-09,2396.92,957
2017-05-08,2399.38,956
2017-05-05,2399.29,953
2017-05-04,2389.52,952
2017-05-03,2388.13,951
2017-05-02,2391.17,950
2017-05-01,2388.33,949
2017-04-28,2384.2,946
2017-04-27,2388.77,945
2017-04-26,2387.45,944
2017-04-25,2388.61,943
2017-04-24,2374.15,942
2017-04-21,2348.69,939
2017-04-20,2355.84,938
2017-04-19,2338.17,937
2017-04-18,2342.19,936
2017-04-17,2349.01,935
2017-04-13,2328.95,931
2017-04-12,2344.93,930
2017-04-11,2353.78,929
2017-04-10,2357.16,928
2017-04-07,2355.54,925
2017-04-06,2357.49,924
2017-04-05,2352.95,923
2017-04-04,2360.16,922
2017-04-03,2358.84,921
2017-03-31,2362.72,918
2017-03-30,2368.06,917
2017-03-29,2361.13,916
2017-03-28,2358.57,915
2017-03-27,2341.59,914
2017-03-24,2343.98,911
2017-03-23,2345.96,910
2017-03-22,2348.45,909
2017-03-21,2344.02,908
2017-03-20,2373.47,907
2017-03-17,2378.25,904
2017-03-16,2381.38,903
2017-03-15,2385.26,902
2017-03-14,2365.45,901
2017-03-13,2373.47,900
2017-03-10,2372.6,897
2017-03-09,2364.87,896
2017-03-08,2362.98,895
2017-03-07,2368.39,894
2017-03-06,2375.31,893
2017-03-03,2383.12,890
2017-03-02,2381.92,889
2017-03-01,2395.96,888
2017-02-28,2363.64,887
2017-02-27,2369.75,886
2017-02-24,2367.34,883
2017-02-23,2363.81,882
2017-02-22,2362.82,881
2017-02-21,2365.38,880
2017-02-17,2351.16,876
2017-02-16,2347.22,875
2017-02-15,2349.25,874
2017-02-14,2337.58,873
2017-02-13,2328.25,872
2017-02-10,2316.1,869
2017-02-09,2307.87,868
2017-02-08,2294.67,867
2017-02-07,2293.08,866
2017-02-06,2292.56,865
2017-02-03,2297.42,862
2017-02-02,2280.85,861
2017-02-01,2279.55,860
2017-01-31,2278.87,859
2017-01-30,2280.9,858
2017-01-27,2294.69,855
2017-01-26,2296.68,854
2017-01-25,2298.37,853
2017-01-24,2280.07,852
2017-01-23,2265.2,851
2017-01-20,2271.31,848
2017-01-19,2263.69,847
2017-01-18,2271.89,846
2017-01-17,2267.89,845
2017-01-13,2274.64,841
2017-01-12,2270.44,840
2017-01-11,2275.32,839
2017-01-10,2268.9,838
2017-01-09,2268.9,837
2017-01-06,2276.98,834
2017-01-05,2269.0,833
2017-01-04,2270.75,832
2017-01-03,2257.83,831
2016-12-30,2238.83,827
2016-12-29,2249.26,826
2016-12-28,2249.92,825
2016-12-27,2268.88,824
2016-12-23,2263.79,820
2016-12-22,2260.96,819
2016-12-21,2265.18,818
2016-12-20,2270.76,817
2016-12-19,2262.53,816
2016-12-16,2258.07,813
2016-12-15,2262.03,812
2016-12-14,2253.28,811
2016-12-13,2271.72,810
2016-12-12,2256.96,809
2016-12-09,2259.53,806
2016-12-08,2246.19,805
2016-12-07,2241.35,804
2016-12-06,2212.23,803
2016-12-05,2204.71,802
2016-12-02,2191.95,799
2016-12-01,2191.08,798
2016-11-30,2198.81,797
2016-11-29,2204.66,796
2016-11-28,2201.72,795
2016-11-25,2213.35,792
2016-11-23,2204.72,790
2016-11-22,2202.94,789
2016-11-21,2198.18,788
2016-11-18,2181.9,785
2016-11-17,2187.12,784
2016-11-16,2176.94,783
2016-11-15,2180.39,782
2016-11-14,2164.2,781
2016-11-11,2164.45,778
2016-11-10,2167.48,777
2016-11-09,2163.26,776
2016-11-08,2139.56,775
2016-11-07,2131.52,774
2016-11-04,2085.18,771
2016-11-03,2088.66,770
2016-11-02,2097.94,769
2016-11-01,2111.72,768
2016-10-31,2126.15,767
2016-10-28,2126.41,764
2016-10-27,2133.04,763
2016-10-26,2139.43,762
2016-10-25,2143.16,761
2016-10-24,2151.33,760
2016-10-21,2141.16,757
2016-10-20,2141.34,756
2016-10-19,2144.29,755
2016-10-18,2139.6,754
2016-10-17,2126.5,753
2016-10-14,2132.98,750
2016-10-13,2132.55,749
2016-10-12,2139.18,748
2016-10-11,2136.73,747
2016-10-10,2163.66,746
2016-10-07,2153.74,743
2016-10-06,2160.77,742
2016-10-05,2159.73,741
2016-10-04,2150.49,740
2016-10-03,2161.2,739
2016-09-30,2168.27,736
2016-09-29,2151.13,735
2016-09-28,2171.37,734
2016-09-27,2159.93,733
2016-09-26,2146.1,732
2016-09-23,2164.69,729
2016-09-22,2177.18,728
2016-09-21,2163.12,727
2016-09-20,2139.76,726
2016-09-19,2139.12,725
2016-09-16,2139.16,722
2016-09-15,2147.26,721
2016-09-14,2125.77,720
2016-09-13,2127.02,719
2016-09-12,2159.04,718
2016-09-09,2127.81,715
2016-09-08,2181.3,714
2016-09-07,2186.16,713
2016-09-06,2186.48,712
2016-09-02,2179.98,708
2016-09-01,2170.86,707
2016-08-31,2170.95,706
2016-08-30,2176.12,705
2016-08-29,2180.38,704
2016-08-26,2169.04,701
2016-08-25,2172.47,700
2016-08-24,2175.44,699
2016-08-23,2186.9,698
2016-08-22,2182.64,697
2016-08-19,2183.87,694
2016-08-18,2187.02,693
2016-08-17,2182.22,692
2016-08-16,2178.15,691
2016-08-15,2190.15,690
2016-08-12,2184.05,687
2016-08-11,2185.79,686
2016-08-10,2175.49,685
2016-08-09,2181.74,684
2016-08-08,2180.89,683
2016-08-05,2182.87,680
2016-08-04,2164.25,679
2016-08-03,2163.79,678
2016-08-02,2157.03,677
2016-08-01,2170.84,676
2016-07-29,2173.6,673
2016-07-28,2170.06,672
2016-07-27,2166.58,671
2016-07-26,2169.18,670
2016-07-25,2168.48,669
2016-07-22,2175.03,666
2016-07-21,2165.17,665
2016-07-20,2173.02,664
2016-07-19,2163.78,663
2016-07-18,2166.89,662
2016-07-15,2161.74,659
2016-07-14,2163.75,658
2016-07-13,2152.43,657
2016-07-12,2152.14,656
2016-07-11,2137.16,655
2016-07-08,2129.9,652
2016-07-07,2097.9,651
2016-07-06,2099.73,650
2016-07-05,2088.55,649
2016-07-01,2102.95,645
2016-06-30,2098.86,644
2016-06-29,2070.77,643
2016-06-28,2036.09,642
2016-06-27,2000.54,641
2016-06-24,2037.41,638
2016-06-23,2113.32,637
2016-06-22,2085.45,636
2016-06-21,2088.9,635
2016-06-20,2083.25,634
2016-06-17,2071.22,631
2016-06-16,2077.99,630
2016-06-15,2071.5,629
2016-06-14,2075.32,628
2016-06-13,2079.06,627
2016-06-10,2096.07,624
2016-06-09,2115.48,623
2016-06-08,2119.12,622
2016-06-07,2112.13,621
2016-06-06,2109.41,620
2016-06-03,2099.13,617
2016-06-02,2105.26,616
2016-06-01,2099.33,615
2016-05-31,2096.96,614
2016-05-27,2099.06,610
2016-05-26,2090.1,609
2016-05-25,2090.54,608
2016-05-24,2076.06,607
2016-05-23,2048.04,606
2016-05-20,2052.32,603
2016-05-19,2040.04,602
2016-05-18,2047.63,601
2016-05-17,2047.21,600
2016-05-16,2066.66,599
2016-05-13,2046.61,596
2016-05-12,2064.11,595
2016-05-11,2064.46,594
2016-05-10,2084.39,593
2016-05-09,2058.69,592
2016-05-06,2057.14,589
2016-05-05,2050.63,588
2016-05-04,2051.12,587
2016-05-03,2063.37,586
2016-05-02,2081.43,585
2016-04-29,2065.3,582
2016-04-28,2075.81,581
2016-04-27,2095.15,580
2016-04-26,2091.7,579
2016-04-25,2087.79,578
2016-04-22,2091.58,575
2016-04-21,2091.48,574
2016-04-20,2102.4,573
2016-04-19,2100.8,572
2016-04-18,2094.34,571
2016-04-15,2080.73,568
2016-04-14,2082.78,567
2016-04-13,2082.42,566
2016-04-12,2061.72,565
2016-04-11,2041.99,564
2016-04-08,2047.6,561
2016-04-07,2041.91,560
2016-04-06,2066.66,559
2016-04-05,2045.17,558
2016-04-04,2066.13,557
2016-04-01,2072.78,554
2016-03-31,2059.74,553
2016-03-30,2063.95,552
2016-03-29,2055.01,551
2016-03-28,2037.05,550
2016-03-24,2035.94,546
2016-03-23,2036.71,545
2016-03-22,2049.8,544
2016-03-21,2051.6,543
2016-03-18,2049.58,540
2016-03-17,2040.59,539
2016-03-16,2027.22,538
2016-03-15,2015.93,537
2016-03-14,2019.64,536
2016-03-11,2022.19,533
2016-03-10,1989.57,532
2016-03-09,1989.26,531
2016-03-08,1979.26,530
2016-03-07,2001.76,529
2016-03-04,1999.99,526
2016-03-03,1993.4,525
2016-03-02,1986.45,524
2016-03-01,1978.35,523
2016-02-29,1932.23,522
2016-02-26,1948.05,519
2016-02-25,1951.7,518
2016-02-24,1929.8,517
2016-02-23,1921.27,516
2016-02-22,1945.5,515
2016-02-19,1917.78,512
2016-02-18,1917.83,511
2016-02-17,1926.82,510
2016-02-16,1895.58,509
2016-02-12,1864.78,505
2016-02-11,1829.08,504
2016-02-10,1851.86,503
2016-02-09,1852.21,502
2016-02-08,1853.44,501
2016-02-05,1880.05,498
2016-02-04,1915.45,497
2016-02-03,1912.53,496
2016-02-02,1903.03,495
2016-02-01,1939.38,494
2016-01-29,1940.24,491
2016-01-28,1893.36,490
2016-01-27,1882.95,489
2016-01-26,1903.63,488
2016-01-25,1877.08,487
2016-01-22,1906.9,484
2016-01-21,1868.99,483
2016-01-20,1859.33,482
2016-01-19,1881.33,481
2016-01-15,1880.33,477
2016-01-14,1921.84,476
2016-01-13,1890.28,475
2016-01-12,1938.68,474
2016-01-11,1923.67,473
2016-01-08,1922.03,470
2016-01-07,1943.09,469
2016-01-06,1990.26,468
2016-01-05,2016.71,467
2016-01-04,2012.66,466
2015-12-31,2043.94,462
2015-12-30,2063.36,461
2015-12-29,2078.36,460
2015-12-28,2056.5,459
2015-12-25,2060.99,456
2015-12-24,2060.99,455
2015-12-23,2064.29,454
2015-12-22,2038.97,453
2015-12-21,2021.15,452
2015-12-18,2005.55,449
2015-12-17,2041.89,448
2015-12-16,2073.07,447
2015-12-15,2043.41,446
2015-12-14,2021.94,445
2015-12-11,2012.37,442
2015-12-10,2052.23,441
2015-12-09,2047.62,440
2015-12-08,2063.59,439
2015-12-07,2077.07,438
2015-12-04,2091.69,435
2015-12-03,2049.62,434
2015-12-02,2079.51,433
2015-12-01,2102.63,432
2015-11-30,2080.41,431
2015-11-27,2090.11,428
2015-11-26,2088.87,427
2015-11-25,2088.87,426
2015-11-24,2089.14,425
2015-11-23,2086.59,424
2015-11-20,2089.17,421
2015-11-19,2081.24,420
2015-11-18,2083.58,419
2015-11-17,2050.44,418
2015-11-16,2053.19,417
2015-11-13,2023.04,414
2015-11-12,2045.97,413
2015-11-11,2075.0,412
2015-11-10,2081.72,411
2015-11-09,2078.58,410
2015-11-06,2099.2,407
2015-11-05,2099.93,406
2015-11-04,2102.31,405
2015-11-03,2109.79,404
2015-11-02,2104.05,403
2015-10-30,2079.36,400
2015-10-29,2089.41,399
2015-10-28,2090.35,398
2015-10-27,2065.89,397
2015-10-26,2071.18,396
2015-10-23,2075.15,393
2015-10-22,2052.51,392
2015-10-21,2018.94,391
2015-10-20,2030.77,390
2015-10-19,2033.66,389
2015-10-16,2033.11,386
2015-10-15,2023.86,385
2015-10-14,1994.24,384
2015-10-13,2003.69,383
2015-10-12,2017.46,382
2015-10-09,2014.89,379
2015-10-08,2013.43,378
2015-10-07,1995.83,377
2015-10-06,1979.92,376
2015-10-05,1987.05,375
2015-10-02,1951.36,372
2015-10-01,1923.82,371
2015-09-30,1920.03,370
2015-09-29,1884.09,369
2015-09-28,1881.77,368
2015-09-25,1931.34,365
2015-09-24,1932.24,364
2015-09-23,1938.76,363
2015-09-22,1942.74,362
2015-09-21,1966.97,361
2015-09-18,1958.03,358
2015-09-17,1990.2,357
2015-09-16,1995.31,356
2015-09-15,1978.09,355
2015-09-14,1953.03,354
2015-09-11,1961.05,351
2015-09-10,1952.29,350
2015-09-09,1942.04,349
2015-09-08,1969.41,348
2015-09-07,1921.22,347
2015-09-04,1921.22,344
2015-09-03,1951.13,343
2015-09-02,1948.86,342
2015-09-01,1913.85,341
2015-08-31,1972.18,340
2015-08-28,1988.87,337
2015-08-27,1987.66,336
2015-08-26,1940.51,335
2015-08-25,1867.61,334
2015-08-24,1893.21,333
2015-08-21,1970.89,330
2015-08-20,2035.73,329
2015-08-19,2079.61,328
2015-08-18,2096.92,327
2015-08-17,2102.44,326
2015-08-14,2091.54,323
2015-08-13,2083.39,322
2015-08-12,2086.05,321
2015-08-11,2084.07,320
2015-08-10,2104.18,319
2015-08-07,2077.57,316
2015-08-06,2083.56,315
2015-08-05,2099.84,314
2015-08-04,2093.32,313
2015-08-03,2098.04,312
2015-07-31,2103.84,309
2015-07-30,2108.63,308
2015-07-29,2108.57,307
2015-07-28,2093.25,306
2015-07-27,2067.64,305
2015-07-24,2079.65,302
2015-07-23,2102.15,301
2015-07-22,2114.15,300
2015-07-21,2119.21,299
2015-07-20,2128.28,298
2015-07-17,2126.64,295
2015-07-16,2124.29,294
2015-07-15,2107.4,293
2015-07-14,2108.95,292
2015-07-13,2099.6,291
2015-07-10,2076.62,288
2015-07-09,2051.31,287
2015-07-08,2046.68,286
2015-07-07,2081.34,285
2015-07-06,2068.76,284
2015-07-03,2076.78,281
2015-07-02,2076.78,280
2015-07-01,2077.42,279
2015-06-30,2063.11,278
2015-06-29,2057.64,277
2015-06-26,2101.49,274
2015-06-25,2102.31,273
2015-06-24,2108.58,272
2015-06-23,2124.2,271
2015-06-22,2122.85,270
2015-06-19,2109.99,267
2015-06-18,2121.24,266
2015-06-17,2100.44,265
2015-06-16,2096.29,264
2015-06-15,2084.43,263
2015-06-12,2094.11,260
2015-06-11,2108.86,259
2015-06-10,2105.2,258
2015-06-09,2080.15,257
2015-06-08,2079.28,256
2015-06-05,2092.83,253
2015-06-04,2095.84,252
2015-06-03,2114.07,251
2015-06-02,2109.6,250
2015-06-01,2111.73,249
2015-05-29,2107.39,246
2015-05-28,2120.79,245
2015-05-27,2123.48,244
2015-05-26,2104.2,243
2015-05-25,2126.06,242
2015-05-22,2126.06,239
2015-05-21,2130.82,238
2015-05-20,2125.85,237
2015-05-19,2127.83,236
2015-05-18,2129.2,235
2015-05-15,2122.73,232
2015-05-14,2121.1,231
2015-05-13,2098.48,230
2015-05-12,2099.12,229
2015-05-11,2105.33,228
2015-05-08,2116.1,225
2015-05-07,2088.0,224
2015-05-06,2080.15,223
2015-05-05,2089.46,222
2015-05-04,2114.49,221
2015-05-01,2108.29,218
2015-04-30,2085.51,217
2015-04-29,2106.85,216
2015-04-28,2114.76,215
2015-04-27,2108.92,214
2015-04-24,2117.69,211
2015-04-23,2112.93,210
2015-04-22,2107.96,209
2015-04-21,2097.29,208
2015-04-20,2100.4,207
2015-04-17,2081.18,204
2015-04-16,2104.99,203
2015-04-15,2106.63,202
2015-04-14,2095.84,201
2015-04-13,2092.43,200
2015-04-10,2102.06,197
2015-04-09,2091.18,196
2015-04-08,2081.9,195
2015-04-07,2076.33,194
2015-04-06,2080.62,193
2015-04-03,2066.96,190
2015-04-02,2066.96,189
2015-04-01,2059.69,188
2015-03-31,2067.89,187
2015-03-30,2086.24,186
2015-03-27,2061.02,183
2015-03-26,2056.15,182
2015-03-25,2061.05,181
2015-03-24,2091.5,180
2015-03-23,2104.42,179
2015-03-20,2108.1,176
2015-03-19,2089.27,175
2015-03-18,2099.5,174
2015-03-17,2074.28,173
2015-03-16,2081.19,172
2015-03-13,2053.4,169
2015-03-12,2065.95,168
2015-03-11,2040.24,167
2015-03-10,2044.16,166
2015-03-09,2079.43,165
2015-03-06,2071.26,162
2015-03-05,2101.04,161
2015-03-04,2098.53,160
2015-03-03,2107.78,159
2015-03-02,2117.39,158
2015-02-27,2104.5,155
2015-02-26,2110.74,154
2015-02-25,2113.86,153
2015-02-24,2115.48,152
2015-02-23,2109.66,151
2015-02-20,2110.3,148
2015-02-19,2097.45,147
2015-02-18,2099.68,146
2015-02-17,2100.34,145
2015-02-16,2096.99,144
2015-02-13,2096.99,141
2015-02-12,2088.48,140
2015-02-11,2068.53,139
2015-02-10,2068.59,138
2015-02-09,2046.74,137
2015-02-06,2055.47,134
2015-02-05,2062.52,133
2015-02-04,2041.51,132
2015-02-03,2050.03,131
2015-02-02,2020.85,130
2015-01-30,1994.99,127
2015-01-29,2021.25,126
2015-01-28,2002.16,125
2015-01-27,2029.55,124
2015-01-26,2057.09,123
2015-01-23,2051.82,120
2015-01-22,2063.15,119
2015-01-21,2032.12,118
2015-01-20,2022.55,117
2015-01-19,2019.42,116
2015-01-16,2019.42,113
2015-01-15,1992.67,112
2015-01-14,2011.27,111
2015-01-13,2023.03,110
2015-01-12,2028.26,109
2015-01-09,2044.81,106
2015-01-08,2062.14,105
2015-01-07,2025.9,104
2015-01-06,2002.61,103
2015-01-05,2020.58,102
2015-01-02,2058.2,99
2015-01-01,2058.9,98
2014-12-31,2058.9,97
2014-12-30,2080.35,96
2014-12-29,2090.57,95
2014-12-26,2088.77,92
2014-12-25,2081.88,91
2014-12-24,2081.88,90
2014-12-23,2082.17,89
2014-12-22,2078.54,88
2014-12-19,2070.65,85
2014-12-18,2061.23,84
2014-12-17,2012.89,83
2014-12-16,1972.74,82
2014-12-15,1989.63,81
2014-12-12,2002.33,78
2014-12-11,2035.33,77
2014-12-10,2026.14,76
2014-12-09,2059.82,75
2014-12-08,2060.31,74
2014-12-05,2075.37,71
2014-12-04,2071.92,70
2014-12-03,2074.33,69
2014-12-02,2066.55,68
2014-12-01,2053.44,67
2014-11-28,2067.56,64
2014-11-27,2072.83,63
2014-11-26,2072.83,62
2014-11-25,2067.03,61
2014-11-24,2069.41,60
2014-11-21,2063.5,57
2014-11-20,2052.75,56
2014-11-19,2048.72,55
2014-11-18,2051.8,54
2014-11-17,2041.32,53
2014-11-14,2039.82,50
2014-11-13,2039.33,49
2014-11-12,2038.25,48
2014-11-11,2039.68,47
2014-11-10,2038.26,46
2014-11-07,2031.92,43
2014-11-06,2031.21,42
2014-11-05,2023.57,41
2014-11-04,2012.1,40
2014-11-03,2017.81,39
2014-10-31,2018.05,36
2014-10-30,1994.65,35
2014-10-29,1982.3,34
2014-10-28,1985.05,33
2014-10-27,1961.63,32
2014-10-24,1964.58,29
2014-10-23,1950.82,28
2014-10-22,1927.11,27
2014-10-21,1941.28,26
2014-10-20,1904.01,25
2014-10-17,1886.76,22
2014-10-16,1862.76,21
2014-10-15,1862.49,20
2014-10-14,1877.7,19
2014-10-13,1874.74,18
2014-10-10,1906.13,15
2014-10-09,1928.21,14
2014-10-08,1968.89,13
2014-10-07,1935.1,12
2014-10-06,1964.82,11
2014-10-03,1967.9,8
2014-10-02,1946.17,7
2014-10-01,1946.16,6
2014-09-30,1972.29,5
2014-09-29,1977.8,4
2014-09-26,1982.85,1
2014-09-25,1965.99,0
